{"cameraMode":{"drawMode":0,"name":"Shaded","section":"Shading Mode"},"sceneLighting":true,"audioPlay":false,"sceneViewState":{"showFog":true,"showMaterialUpdate":false,"showSkybox":true,"showFlares":true,"showImageEffects":true,"showParticleSystems":true},"in2DMode":false,"pivot":{"x":278.0663757324219,"y":501.87408447265627,"z":616.6572265625},"rotation":{"x":-0.32406312227249148,"y":-0.41332709789276125,"z":0.16025936603546143,"w":-0.835752546787262},"size":48.75638198852539,"orthographic":false}