{"cameraMode":{"drawMode":0,"name":"Shaded","section":"Shading Mode"},"sceneLighting":true,"audioPlay":false,"sceneViewState":{"showFog":true,"showMaterialUpdate":false,"showSkybox":true,"showFlares":true,"showImageEffects":true,"showParticleSystems":true},"in2DMode":false,"pivot":{"x":692.0419921875,"y":224.68528747558595,"z":578.0443115234375},"rotation":{"x":-0.14722652733325959,"y":-0.446751207113266,"z":0.07480177283287049,"w":-0.8792884349822998},"size":32.13325881958008,"orthographic":false}