{"cameraMode":{"drawMode":0,"name":"Shaded","section":"Shading Mode"},"sceneLighting":true,"audioPlay":false,"sceneViewState":{"showFog":true,"showMaterialUpdate":false,"showSkybox":true,"showFlares":true,"showImageEffects":true,"showParticleSystems":true},"in2DMode":false,"pivot":{"x":779.5742797851563,"y":160.46536254882813,"z":511.20928955078127},"rotation":{"x":0.160110205411911,"y":0.8298043608665466,"z":-0.30045753717422488,"w":0.44218915700912478},"size":111.18614959716797,"orthographic":false}